cluster,0
2,1.8188213301849665
5,1.828596219689508
1,1.8520876082838245
4,2.253171700753984
3,2.3059212863799248
0,2.7553713983821426
6,3.13768115942029
