cluster,0
3,1.7289710752590162
2,1.7624609494280412
12,1.7745270016288686
14,1.7935358588684462
17,1.8256938747607327
16,1.8878732726659926
13,1.97028310378972
19,2.0566172957477304
15,2.094833018273472
18,2.12518282143332
4,2.239522837859049
1,2.2462209755337383
6,2.331454962174085
7,2.334988837174102
5,2.4458346366385153
8,2.509990090424873
11,2.5615685065268785
10,2.6611081105410026
0,2.729697951505017
9,2.808748180870943
